node,value,cycle,representative,partition
minecraft:basalt,0.08,,,part-002
minecraft:red_mushroom,0.05,,,part-000
betterarcheology:guardian_fossil_head,48,,,part-008
minecraft:music_disc_stal,128,,,part-009
minecraft:dead_tube_coral_fan,0.4,,,part-010
crystal_chronicles:artree_base,0.15,,,part-012
minecraft:brain_coral_fan,0.4,,,part-015
born_in_chaos_v1:tombstone_derivas,256,,,part-017
artifacts:flippers,512,,,part-019
artifacts:fire_gauntlet,512,,,part-020
minecraft:tropical_fish,1,,,part-023
irons_spellbooks:autoloader_crossbow,128,,,part-024
born_in_chaos_v1:seedof_chaos,32,,,part-000
betterarcheology:growth_totem,4096,,,part-000
minecraft:arms_up_pottery_sherd,128,,,part-030
minecraft:nether_star,2048,,,part-000
minecraft:dead_fire_coral,0.4,,,part-032
irons_spellbooks:decrepit_scythe,4096,,,part-000
minecraft:warped_nylium,0.1,,,part-037
numismatics:sun,4096,,,part-041
relics:bastion_ring,512,,,part-042
relics:chorus_inhibitor,512,,,part-044
crystal_chronicles:blood_bases,0.2,,,part-045
artifacts:antidote_vessel,512,,,part-046
betterarcheology:creeper_fossil_head,48,,,part-047
minecraft:music_disc_mall,128,,,part-048
minecraft:frogspawn,6,,,part-049
irons_spellbooks:blaze_spell_book,32,,,part-050
artifacts:everlasting_beef,512,,,part-051
minecraft:tropical_fish_bucket,1,,,part-054
minecraft:potato,0.5,,,part-000
irons_spellbooks:archevoker_chestplate,"",,,part-000
relics:aqua_walker,512,,,part-057
minecraft:seagrass,0.05,,,part-058
born_in_chaos_v1:charmof_power,32,,,part-060
crystal_chronicles:fat_tissue_ball,3,,,part-061
minecraft:porkchop,1,,,part-000
born_in_chaos_v1:damned_demomans_hat_helmet,48,,,part-000
born_in_chaos_v1:lord_pumpkinheads_empty_lamp,192,,,part-000
relics:reflection_necklace,512,,,part-066
minecraft:water_bucket,1,,,part-000
born_in_chaos_v1:intoxicating_decoction,16,,,part-000
supplementaries:ash,0.5,,,part-000
artifacts:cowboy_hat,512,,,part-068
irons_spellbooks:cultist_leggings,"",,,part-000
artifacts:feral_claws,512,,,part-071
relics:roller_skates,512,,,part-075
minecraft:angler_pottery_sherd,128,,,part-077
betterarcheology:wolf_fossil_body,48,,,part-078
minecraft:cod_bucket,1,,,part-081
minecraft:saddle,48,,,part-000
irons_spellbooks:evasion_elixir,32,,,part-083
supplementaries:flax_seeds,0.3,,,part-087
relics:leather_belt,512,,,part-089
born_in_chaos_v1:tombstone_feral,256,,,part-092
minecraft:ink_sac,4,,,part-000
born_in_chaos_v1:tombstone_2_dling,256,,,part-093
minecraft:music_disc_pigstep,128,,,part-094
artifacts:flame_pendant,512,,,part-095
minecraft:phantom_membrane,5,,,part-000
minecraft:dead_bubble_coral,0.4,,,part-098
minecraft:skeleton_skull,48,,,part-000
minecraft:horn_coral_block,0.4,,,part-099
gametechbcs_spellbooks:amulet_of_spectral_shift,64,,,part-102
relics:elytra_booster,512,,,part-104
minecraft:skull_pottery_sherd,128,,,part-106
minecraft:wither_rose,2,,,part-000
minecraft:bubble_coral_block,0.4,,,part-107
minecraft:heartbreak_pottery_sherd,128,,,part-109
minecraft:music_disc_creator,128,,,part-115
numismatics:cog,64,,,part-000
betterarcheology:music_disc_swings,128,,,part-118
minecraft:music_disc_chirp,128,,,part-119
minecraft:totem_of_undying,96,,,part-000
betterarcheology:vase_creeper,10,,,part-121
irons_spellbooks:magehunter,16,,,part-122
artifacts:crystal_heart,512,,,part-123
irons_spellbooks:cryomancer_chestplate,"",,,part-000
minecraft:burn_pottery_sherd,128,,,part-125
minecraft:music_disc_cat,128,,,part-127
born_in_chaos_v1:elixirof_wither_resistance,16,,,part-129
dried_ghast:dried_ghast,16,,,part-131
irons_spellbooks:lightning_rod,1580,,,part-134
artifacts:charm_of_sinking,512,,,part-135
born_in_chaos_v1:potion_of_rampage,16,,,part-137
born_in_chaos_v1:ethereal_spirit,5,,,part-000
evenmoreinstruments:record_johnny,128,,,part-140
minecraft:brain_coral,0.4,,,part-000
minecraft:music_disc_13,128,,,part-141
minecraft:ominous_trial_key,256,,,part-142
minecraft:music_disc_11,128,,,part-143
betterarcheology:vase_green,10,,,part-146
betterarcheology:ocelot_fossil_head,48,,,part-029
irons_spellbooks:ice_venom_vial,12,,,part-000
relics:phantom_block,512,,,part-151
artifacts:kitty_slippers,512,,,part-153
born_in_chaos_v1:pumpkinhandgun,48,,,part-155
irons_spellbooks:invisibility_elixir,32,,,part-159
betterarcheology:chicken_fossil_head,48,,,part-160
minecraft:scrape_pottery_sherd,128,,,part-167
minecraft:music_disc_mellohi,128,,,part-168
irons_spellbooks:shadowwalker_boots,"",,,part-000
betterarcheology:radiance_totem,4096,,,part-171
born_in_chaos_v1:nightmare_stalker_skull,72,,,part-000
supplementaries:quiver,48,,,part-174
betterarcheology:suspicious_red_sand,0.05,,,part-177
minecraft:dead_brain_coral,0.4,,,part-178
crystal_chronicles:neuron,0.8,,,part-000
minecraft:tube_coral_block,0.4,,,part-179
minecraft:spider_eye,0.5,,,part-000
born_in_chaos_v1:tombstone_petasi,256,,,part-180
crystal_chronicles:artree_vein,0.12,,,part-182
born_in_chaos_v1:holiday_candy,4,,,part-000
betterarcheology:sheep_fossil_head,48,,,part-126
born_in_chaos_v1:evil_carved_pumpkin,0.05,,,part-000
born_in_chaos_v1:wood_splitter_axe,32,,,part-000
minecraft:brown_mushroom_block,0.1,,,part-187
irons_spellbooks:hither_thither_wand,2048,,,part-190
arcane_abilities:stellar_sphere,512,,,part-192
irons_spellbooks:chained_book,64,,,part-194
born_in_chaos_v1:monster_skin,10,,,part-000
minecraft:medium_amethyst_bud,2,,,part-196
betterarcheology:evoker_trap,1,,,part-198
minecraft:egg,0.25,,,part-000
minecraft:verdant_froglight,5,,,part-199
minecraft:fern,0.05,,,part-000
minecraft:shroomlight,0.5,,,part-000
minecraft:carrot,0.8,,,part-000
minecraft:pufferfish,1,,,part-000
minecraft:music_disc_creator_music_box,128,,,part-202
irons_spellbooks:music_disc_dead_king_lullaby,128,,,part-205
minecraft:rabbit,1,,,part-000
minecraft:brewer_pottery_sherd,128,,,part-206
minecraft:big_dripleaf,0.05,,,part-208
minecraft:music_disc_far,128,,,part-209
artifacts:snorkel,512,,,part-212
irons_spellbooks:keeper_flamberge,32,,,part-000
minecraft:nether_sprouts,0.05,,,part-213
irons_spellbooks:electromancer_helmet,"",,,part-000
minecraft:small_dripleaf,0.05,,,part-218
born_in_chaos_v1:nightmare_claw,32,,,part-000
minecraft:breeze_rod,6,,,part-000
artifacts:bunny_hoppers,512,,,part-220
minecraft:short_grass,0.05,,,part-108
minecraft:goat_horn,32,,,part-223
irons_spellbooks:dragonskin,172,,,part-000
minecraft:mourner_pottery_sherd,128,,,part-226
minecraft:warped_roots,0.05,,,part-227
born_in_chaos_v1:missionary_hat_helmet,64,,,part-000
born_in_chaos_v1:trident_hayfork,24,,,part-233
minecraft:sculk_sensor,1,,,part-000
born_in_chaos_v1:gummy_vampire_teeth,8,,,part-000
minecraft:weeping_vines,0.05,,,part-235
artifacts:running_shoes,512,,,part-236
artifacts:warp_drive,512,,,part-238
supplementaries:urn,2,,,part-240
irons_spellbooks:hogskin,4,,,part-000
minecraft:pearlescent_froglight,5,,,part-246
minecraft:player_head,48,,,part-250
irons_spellbooks:silver_ring,16,,,part-251
born_in_chaos_v1:charmof_endurance,32,,,part-254
numismatics:sprocket,16,,,part-255
relics:springy_boot,512,,,part-256
born_in_chaos_v1:spiny_shell,32,,,part-000
born_in_chaos_v1:tombstone_the_gentleman_frog,256,,,part-257
minecraft:heart_pottery_sherd,128,,,part-259
minecraft:wet_sponge,2,,,part-262
born_in_chaos_v1:tombstone_fubuki_banzai,256,,,part-263
relics:magic_mirror,512,,,part-264
minecraft:fire_coral,0.4,,,part-000
minecraft:chainmail_helmet,2,,,part-000
minecraft:crimson_roots,0.02,,,part-265
betterarcheology:rotten_log,0.25,,,part-000
born_in_chaos_v1:charmof_stealth,32,,,part-268
born_in_chaos_v1:elixir_of_vampirism,16,,,part-269
minecraft:music_disc_blocks,128,,,part-271
relics:researching_table,512,,,part-275
minecraft:trident,64,,,part-277
irons_spellbooks:greater_oakskin_elixir,96,,,part-278
born_in_chaos_v1:corpse_maggot,2,,,part-000
artifacts:cloud_in_a_bottle,512,,,part-281
minecraft:howl_pottery_sherd,128,,,part-284
born_in_chaos_v1:bottle_of_magical_energy,5,,,part-286
crystal_chronicles:flesh_block,0.5,,,part-287
irons_spellbooks:ruined_book,48,,,part-000
minecraft:heavy_core,512,,,part-000
born_in_chaos_v1:lifestealer_skull,64,,,part-288
minecraft:armadillo_scute,12,,,part-289
born_in_chaos_v1:tombstone_dark_titan_066,256,,,part-290
supplementaries:bomb_blue,12,,,part-292
relics:enders_hand,512,,,part-294
artifacts:power_glove,512,,,part-295
artifacts:pickaxe_heater,512,,,part-296
relics:shadow_glaive,512,,,part-299
irons_spellbooks:cryomancer_boots,"",,,part-000
born_in_chaos_v1:tombstone_2003wise,256,,,part-301
minecraft:bamboo,0.05,,,part-000
irons_spellbooks:invisibility_ring,1024,,,part-306
minecraft:rabbit_hide,2,,,part-000
irons_spellbooks:archevoker_leggings,"",,,part-000
irons_spellbooks:blood_staff,1024,,,part-309
minecraft:music_disc_ward,128,,,part-310
born_in_chaos_v1:fused_bone,4,,,part-000
crystal_chronicles:blood_bucket,5,,,part-314
minecraft:crimson_nylium,0.05,,,part-315
minecraft:wither_skeleton_skull,48,,,part-000
born_in_chaos_v1:tombstone_rotborne,256,,,part-316
crystal_chronicles:alveolus_block,0.05,,,part-317
minecraft:tube_coral_fan,0.4,,,part-318
artifacts:withered_bracelet,512,,,part-323
minecraft:kelp,0.05,,,part-000
numismatics:spur,1,,,part-325
minecraft:dead_bubble_coral_fan,0.4,,,part-326
crystal_chronicles:axon,0.3,,,part-000
minecraft:tube_coral,0.4,,,part-000
artifacts:night_vision_goggles,512,,,part-328
born_in_chaos_v1:tombstone_tem_187,256,,,part-330
minecraft:ghast_tear,8,,,part-000
born_in_chaos_v1:magical_holiday_candy,32,,,part-333
born_in_chaos_v1:orbofthe_summoner,84,,,part-000
born_in_chaos_v1:lifestealer_bone,8,,,part-000
born_in_chaos_v1:spiritual_guide_sombrero_helmet,64,,,part-000
evenmoreinstruments:record_oven_kid,128,,,part-335
numismatics:bevel,8,,,part-336
irons_spellbooks:priest_helmet,"",,,part-000
minecraft:music_disc_wait,128,,,part-337
artifacts:shock_pendant,512,,,part-338
relics:wool_mitten,512,,,part-339
betterarcheology:vase,10,,,part-341
darkdoppelganger:summons_necklace,4096,,,part-342
minecraft:sweet_berries,0.05,,,part-000
minecraft:heart_of_the_sea,128,,,part-000
minecraft:warped_wart_block,0.2,,,part-344
irons_spellbooks:priest_chestplate,"",,,part-000
artifacts:onion_ring,512,,,part-345
minecraft:cobbled_deepslate,0.08,,,part-000
minecraft:danger_pottery_sherd,128,,,part-350
minecraft:dirt,0.01,,,part-000
minecraft:trial_key,64,,,part-353
minecraft:torchflower_seeds,0.5,,,part-354
born_in_chaos_v1:tombstone_somfunambulist,256,,,part-355
betterarcheology:villager_fossil_body,48,,,part-358
minecraft:blade_pottery_sherd,128,,,part-359
born_in_chaos_v1:fragile_scorched_boards,0.063,,,part-000
evenmoreinstruments:record_super_idol,128,,,part-362
crystal_chronicles:tall_blood_bases,0.12,,,part-363
artifacts:lucky_scarf,512,,,part-364
crystal_chronicles:eye,5,,,part-053
irons_spellbooks:teleportation_amulet,64,,,part-365
relics:ice_skates,512,,,part-367
artifacts:chorus_totem,512,,,part-368
betterarcheology:chiseled_bone_block,0.05,,,part-369
born_in_chaos_v1:tombstone_plug,256,,,part-370
irons_spellbooks:priest_leggings,"",,,part-000
minecraft:echo_shard,16,,,part-000
relics:spore_sack,512,,,part-371
evenmoreinstruments:record_rickroll,128,,,part-372
born_in_chaos_v1:phantom_powder,8,,,part-000
relics:hunter_belt,512,,,part-373
createoreexcavation:raw_emerald,8,,,part-000
born_in_chaos_v1:krampuss_bag,64,,,part-375
minecraft:dead_bush,0.05,,,part-378
irons_spellbooks:villager_spell_book,32,,,part-379
minecraft:turtle_scute,24,,,part-000
irons_spellbooks:disc_fragment_flame_still_burns,16,,,part-000
minecraft:shulker_shell,8,,,part-000
minecraft:large_amethyst_bud,3,,,part-386
artifacts:umbrella,512,,,part-389
supplementaries:wild_flax,1,,,part-000
minecraft:globe_banner_pattern,128,,,part-394
artifacts:anglers_hat,512,,,part-395
minecraft:gilded_blackstone,6,,,part-000
supplementaries:safe,"",,,part-396
irons_spellbooks:legendary_ink,512,,,part-400
irons_spellbooks:evoker_spell_book,48,,,part-403
irons_spellbooks:electromancer_leggings,"",,,part-000
fdbosses:lightning_core,512,,,part-405
minecraft:dragon_egg,4096,,,part-406
artifacts:pocket_piston,512,,,part-408
irons_spellbooks:timeless_slurry,32,,,part-000
irons_spellbooks:cultist_chestplate,"",,,part-000
irons_spellbooks:cryomancer_helmet,"",,,part-000
betterarcheology:fossiliferous_dirt,0.05,,,part-000
born_in_chaos_v1:tombstone_d_4rkdevilx,256,,,part-413
artifacts:helium_flamingo,512,,,part-414
born_in_chaos_v1:infernal_evil_pumpkin_s,64,,,part-415
born_in_chaos_v1:bagof_candy,6,,,part-417
minecraft:tall_grass,0.05,,,part-108
born_in_chaos_v1:elixirof_insect_protection,16,,,part-418
minecraft:red_mushroom_block,0.1,,,part-420
createoreexcavation:raw_redstone,5,,,part-000
minecraft:large_fern,0.05,,,part-000
relics:amphibian_boot,512,,,part-422
artifacts:whoopee_cushion,512,,,part-424
irons_spellbooks:shadowwalker_leggings,"",,,part-000
minecraft:amethyst_cluster,6,,,part-000
sophisticatedcore:xp_bucket,1,,,part-427
supplementaries:enderman_head,48,,,part-428
minecraft:sugar_cane,0.1,,,part-000
minecraft:music_disc_relic,128,,,part-431
irons_spellbooks:pyromancer_helmet,"",,,part-000
artifacts:cross_necklace,512,,,part-433
betterarcheology:ocelot_fossil_body,48,,,part-029
minecraft:dead_brain_coral_block,0.4,,,part-438
irons_spellbooks:pyromancer_leggings,"",,,part-000
born_in_chaos_v1:monster_flesh,8,,,part-442
minecraft:torchflower,1,,,part-000
minecraft:plenty_pottery_sherd,128,,,part-443
minecraft:mushroom_stem,0.1,,,part-446
betterarcheology:chicken_fossil_body,48,,,part-160
crystal_chronicles:tendon_block,0.4,,,part-448
born_in_chaos_v1:soulbane,48,,,part-452
minecraft:chainmail_boots,2,,,part-000
born_in_chaos_v1:puddleofintoxication,8,,,part-455
create:chocolate_bucket,0,,,part-456
betterarcheology:torrent_totem,2048,,,part-457
minecraft:crying_obsidian,2,,,part-000
born_in_chaos_v1:fangofthe_hound_leader,4,,,part-000
minecraft:dead_fire_coral_fan,0.4,,,part-463
minecraft:beetroot,0.8,,,part-000
born_in_chaos_v1:stimulating_decoction,16,,,part-000
irons_spellbooks:permafrost_shard,32,,,part-000
minecraft:explorer_pottery_sherd,128,,,part-466
minecraft:shelter_pottery_sherd,128,,,part-467
artifacts:scarf_of_invisibility,512,,,part-469
born_in_chaos_v1:charmof_resistance,32,,,part-474
minecraft:chorus_fruit,0.5,,,part-000
relics:magma_walker,512,,,part-478
irons_spellbooks:decrepit_key,64,,,part-479
irons_spellbooks:pyromancer_chestplate,"",,,part-000
minecraft:chainmail_chestplate,2,,,part-000
born_in_chaos_v1:chaos_component,10,,,part-000
irons_spellbooks:arcane_essence,5,,,part-000
irons_spellbooks:electromancer_boots,"",,,part-000
born_in_chaos_v1:permafrost_shard,32,,,part-000
relics:infinity_ham,512,,,part-481
born_in_chaos_v1:dark_rod,5,,,part-000
relics:relic_experience_bottle,512,,,part-483
irons_spellbooks:ice_spider_egg,8,,,part-484
crystal_chronicles:hemalite_block,0,,,part-485
minecraft:moss_block,0.05,,,part-000
irons_spellbooks:frozen_bone,8,,,part-000
minecraft:music_disc_strad,128,,,part-486
born_in_chaos_v1:elixirof_ice_barrier,16,,,part-488
minecraft:small_amethyst_bud,0.5,,,part-491
minecraft:vine,0.05,,,part-000
irons_spellbooks:electromancer_chestplate,"",,,part-000
minecraft:axolotl_bucket,1,,,part-492
minecraft:creeper_head,48,,,part-000
irons_spellbooks:plagued_helmet,"",,,part-000
supplementaries:antique_ink,12,,,part-000
irons_spellbooks:uncommon_ink,16,,,part-493
born_in_chaos_v1:anluka_doors,64,,,part-497
irons_spellbooks:blood_vial,8,,,part-000
relics:midnight_robe,512,,,part-501
supplementaries:music_disc_heave_ho,128,,,part-503
irons_spellbooks:necronomicon_spell_book,1024,,,part-504
arcane_abilities:weightless_boot,512,,,part-505
minecraft:lava_bucket,4,,,part-000
relics:jellyfish_necklace,512,,,part-507
minecraft:music_disc_precipice,128,,,part-508
minecraft:dead_fire_coral_block,0.4,,,part-510
betterarcheology:guardian_fossil_body,48,,,part-008
minecraft:mangrove_roots,0.05,,,part-000
irons_spellbooks:greater_invisibility_elixir,96,,,part-516
minecraft:beef,1,,,part-517
minecraft:snowball,0.01,,,part-000
crystal_chronicles:skin_layer,0.5,,,part-518
minecraft:bell,64,,,part-519
artifacts:rooted_boots,512,,,part-520
born_in_chaos_v1:tombstone_mike_rory,256,,,part-521
minecraft:chainmail_leggings,2,,,part-000
paraglider:horned_statue,64,,,part-527
crystal_chronicles:muscle_block,0.2,,,part-529
minecraft:mutton,1,,,part-534
born_in_chaos_v1:fire_dust,1,,,part-000
minecraft:nether_quartz_ore,7,,,part-000
minecraft:spore_blossom,1,,,part-000
relics:leafy_ring,512,,,part-537
numismatics:crown,512,,,part-538
irons_spellbooks:plagued_chestplate,"",,,part-000
born_in_chaos_v1:empty_fel_lamp,32,,,part-000
minecraft:rooted_dirt,0.02,,,part-000
irons_spellbooks:rotten_spell_book,36,,,part-000
minecraft:sniffer_egg,64,,,part-540
artifacts:vampiric_glove,512,,,part-542
relics:holy_locket,512,,,part-543
minecraft:ochre_froglight,5,,,part-544
irons_spellbooks:common_ink,8,,,part-546
irons_spellbooks:bloody_vellum,12,,,part-000
minecraft:dead_horn_coral,0.4,,,part-547
minecraft:sculk_vein,0.2,,,part-549
irons_spellbooks:betrayer_signet,4096,,,part-550
paraglider:stamina_vessel,128,,,part-552
born_in_chaos_v1:tombstone_memesus,256,,,part-555
irons_spellbooks:archevoker_helmet,"",,,part-000
supplementaries:rope_arrow,4,,,part-556
minecraft:prize_pottery_sherd,128,,,part-557
minecraft:enchanted_golden_apple,512,,,part-000
minecraft:salmon_bucket,1,,,part-560
born_in_chaos_v1:serpumpkinhead_m,128,,,part-562
artifacts:strider_shoes,512,,,part-563
born_in_chaos_v1:creepy_gift,10,,,part-564
randomium:randomium,0,,,part-566
minecraft:nautilus_shell,32,,,part-000
minecraft:apple,1,,,part-000
minecraft:powder_snow_bucket,1,,,part-571
minecraft:piglin_banner_pattern,128,,,part-572
minecraft:music_disc_otherside,128,,,part-575
crystal_chronicles:bronchus,0.5,,,part-000
minecraft:friend_pottery_sherd,128,,,part-579
irons_spellbooks:cultist_helmet,"",,,part-000
minecraft:fire_coral_block,0.4,,,part-582
irons_spellbooks:icy_fang,8,,,part-584
born_in_chaos_v1:caramel_pepper,5,,,part-000
minecraft:podzol,0.02,,,part-000
betterarcheology:suspicious_dirt,0.05,,,part-589
born_in_chaos_v1:lord_pumpkinheads_hat_helmet,512,,,part-000
minecraft:chorus_flower,4,,,part-000
artifacts:charm_of_shrinking,512,,,part-590
born_in_chaos_v1:charmof_fury,32,,,part-592
born_in_chaos_v1:pumpkinstaffa,48,,,part-594
relics:solid_snowball,512,,,part-595
minecraft:end_stone,0.05,,,part-000
born_in_chaos_v1:sea_terror_stomach,24,,,part-601
minecraft:dead_tube_coral_block,0.4,,,part-602
relics:rage_glove,512,,,part-604
minecraft:miner_pottery_sherd,128,,,part-608
relics:drowned_belt,512,,,part-609
minecraft:pitcher_plant,1,,,part-000
minecraft:ender_pearl,5,,,part-000
artifacts:superstitious_hat,512,,,part-612
createoreexcavation:raw_diamond,10,,,part-000
irons_spellbooks:rare_ink,48,,,part-616
irons_spellbooks:oakskin_elixir,32,,,part-621
relics:space_dissector,512,,,part-623
minecraft:flow_banner_pattern,128,,,part-624
minecraft:brown_mushroom,0.05,,,part-000
irons_spellbooks:archevoker_boots,"",,,part-000
minecraft:snort_pottery_sherd,128,,,part-627
born_in_chaos_v1:sea_terror_eye,16,,,part-633
minecraft:honeycomb,8,,,part-000
relics:blazing_flask,512,,,part-634
born_in_chaos_v1:dark_metal_deposit,10,,,part-635
minecraft:dragon_head,512,,,part-000
artifacts:villager_hat,512,,,part-637
artifacts:panic_necklace,512,,,part-639
irons_spellbooks:pyromancer_boots,"",,,part-000
minecraft:horn_coral_fan,0.4,,,part-642
minecraft:cod,1,,,part-515
crystal_chronicles:alveolus,0.1,,,part-645
artifacts:plastic_drinking_hat,152,,,part-646
minecraft:chicken,1,,,part-647
minecraft:dead_horn_coral_block,0.4,,,part-649
minecraft:guster_banner_pattern,128,,,part-651
minecraft:milk_bucket,5,,,part-000
minecraft:cobweb,9,,,part-000
artifacts:steadfast_spikes,512,,,part-653
born_in_chaos_v1:tombstone_euthymia,256,,,part-654
irons_spellbooks:shadowwalker_chestplate,"",,,part-000
born_in_chaos_v1:smoldering_infernal_ember,32,,,part-000
born_in_chaos_v1:mesh_door,20,,,part-655
arcane_abilities:shadow_lantern,512,,,part-659
betterarcheology:artifact_shards,8,,,part-000
irons_spellbooks:fire_ale,32,,,part-661
paraglider:spirit_orb,32,,,part-662
born_in_chaos_v1:chocolate_heart,8,,,part-000
create:honey_bucket,0,,,part-664
minecraft:sculk_shrieker,2,,,part-665
minecraft:dead_bubble_coral_block,0.4,,,part-666
paraglider:heart_container,256,,,part-667
irons_spellbooks:plagued_boots,"",,,part-000
minecraft:iron_horse_armor,24,,,part-000
minecraft:prismarine_crystals,4,,,part-000
minecraft:mycelium,0.05,,,part-000
minecraft:sheaf_pottery_sherd,128,,,part-671
born_in_chaos_v1:gnawed_bones,12,,,part-000
minecraft:dead_horn_coral_fan,0.4,,,part-673
betterarcheology:villager_fossil_head,48,,,part-358
minecraft:sculk,0.4,,,part-000
irons_spellbooks:cryomancer_leggings,"",,,part-000
minecraft:horn_coral,0.4,,,part-000
minecraft:dead_tube_coral,0.4,,,part-675
minecraft:flow_pottery_sherd,128,,,part-676
minecraft:bee_nest,8,,,part-677
minecraft:pufferfish_bucket,1,,,part-679
minecraft:archer_pottery_sherd,128,,,part-680
minecraft:zombie_head,48,,,part-683
crystal_chronicles:crustone,0.07,,,part-053
minecraft:pitcher_pod,0.5,,,part-687
born_in_chaos_v1:spider_mandible,24,,,part-000
chimes:carved_bamboo_chimes,12,,,part-688
betterarcheology:sheep_fossil_body,48,,,part-126
irons_spellbooks:greater_healing_potion,96,,,part-691
minecraft:hanging_roots,0.05,,,part-692
minecraft:experience_bottle,12,,,part-000
minecraft:fire_coral_fan,0.4,,,part-694
irons_spellbooks:priest_boots,"",,,part-000
minecraft:dead_brain_coral_fan,0.4,,,part-697
born_in_chaos_v1:birch_branches,10,,,part-698
minecraft:golden_horse_armor,34,,,part-000
minecraft:dragon_breath,8,,,part-000
irons_spellbooks:plagued_leggings,"",,,part-000
darkdoppelganger:doppelganger_ring,4096,,,part-701
born_in_chaos_v1:tombstone_carrion,256,,,part-703
minecraft:glow_lichen,0.05,,,part-704
relics:ice_breaker,512,,,part-705
born_in_chaos_v1:krampus_horn,48,,,part-000
crystal_chronicles:hanging_veins,0.15,,,part-706
minecraft:bubble_coral,0.4,,,part-000
minecraft:blaze_rod,4,,,part-000
minecraft:sea_pickle,0.05,,,part-000
minecraft:cocoa_beans,0.05,,,part-000
irons_spellbooks:netherward_tincture,32,,,part-710
minecraft:diamond_horse_armor,48,,,part-000
minecraft:salmon,1,,,part-719
minecraft:guster_pottery_sherd,128,,,part-720
born_in_chaos_v1:infected_deepslate_diamond_ore,30,,,part-721
minecraft:brain_coral_block,0.4,,,part-724
minecraft:sculk_catalyst,4,,,part-000
minecraft:ominous_bottle,14,,,part-733
irons_spellbooks:pyrium_ingot,16,,,part-000
born_in_chaos_v1:diamond_termite_shard,1.11,,,part-000
crystal_chronicles:artree_capillary,0.1,,,part-736
minecraft:melon_slice,0.5,,,part-000
born_in_chaos_v1:coffee_candy,8,,,part-000
artifacts:obsidian_skull,512,,,part-741
born_in_chaos_v1:infected_diamond_ore,30,,,part-742
betterarcheology:creeper_fossil_body,48,,,part-047
darkdoppelganger:elder_necklace,4096,,,part-744
minecraft:tadpole_bucket,1,,,part-745
born_in_chaos_v1:bloody_gadfly_eye,0.1,,,part-746
artifacts:thorn_pendant,512,,,part-747
irons_spellbooks:claymore,10,,,part-751
irons_spellbooks:shadowwalker_helmet,"",,,part-000
crystal_chronicles:veins,0.15,,,part-754
betterarcheology:wolf_fossil_head,48,,,part-078
arcane_abilities:fate_beacon,512,,,part-760
minecraft:bubble_coral_fan,0.4,,,part-763
artifacts:digging_claws,512,,,part-765
born_in_chaos_v1:rotten_fish,8,,,part-585
minecraft:lily_pad,0.05,,,part-768
irons_spellbooks:ancient_knowledge_fragment,12,,,part-000
minecraft:pointed_dripstone,0.6,,,part-000
minecraft:netherrack,0.04,,,part-000
artifacts:novelty_drinking_hat,512,,,part-771
artifacts:universal_attractor,512,,,part-776
arcane_abilities:icy_crystal,512,,,part-777
born_in_chaos_v1:tombstone_orion,256,,,part-779
born_in_chaos_v1:tombstone_nino_4416,256,,,part-781
minecraft:piglin_head,48,,,part-783
minecraft:cactus,0.05,,,part-000
artifacts:aqua_dashers,512,,,part-784
minecraft:turtle_egg,12,,,part-786
artifacts:golden_hook,512,,,part-788
irons_spellbooks:cinder_essence,8,,,part-000
minecraft:disc_fragment_5,16,,,part-349
irons_spellbooks:lightning_bottle,64,,,part-000
minecraft:rabbit_foot,16,,,part-789
fdbosses:chesed_trophy,4096,,,part-790
born_in_chaos_v1:puddleof_stimulation,8,,,part-792
irons_spellbooks:epic_ink,128,,,part-793
irons_spellbooks:greater_evasion_elixir,96,,,part-794
betterarcheology:soul_totem,2048,,,part-800
relics:phantom_boot,512,,,part-801
evenmoreinstruments:record_sad_violin,128,,,part-802
irons_spellbooks:scroll,12,,,part-803
minecraft:beetroot_seeds,0.08,,,part-804
minecraft:twisting_vines,0.05,,,part-805
artifacts:snowshoes,512,,,part-806
irons_spellbooks:tarnished_helmet,16,,,part-807
irons_spellbooks:divine_soulshard,4096,,,part-000
irons_spellbooks:cultist_boots,"",,,part-000
minecraft:water,0.001,,,part-000
minecraft:milk,0.005,,,part-000
#log,0.25,,,part-000
#create:rare_package,64,,,part-972
#leaves,0.05,,,part-000
#saplings,0.05,,,part-000
#flowers,0.05,,,part-000
#tall_flowers,0.05,,,part-000
#coal_ore,1,,,part-000
#iron_ore,5,,,part-000
#gold_ore,7,,,part-000
#copper_ore,3,,,part-000
#redstone_ore,5,,,part-000
#emerald_ore,8,,,part-000
#lapis_ore,5,,,part-000
#diamond_ore,10,,,part-000
#randomium_ore,256,,,part-973
#mithril_ore,12,,,part-974
#zinc_ore,5,,,part-000
create:veridium,0.08,"{'create:cut_veridium_bricks', 'create:polished_cut_veridium_stairs', 'create:cut_veridium_brick_stairs', 'create:cut_veridium_stairs', 'create:small_veridium_bricks', 'create:veridium_pillar', 'create:small_veridium_brick_wall', 'create:cut_veridium', 'create:polished_cut_veridium', 'create:cut_veridium_brick_wall', 'create:layered_veridium', 'create:cut_veridium_wall', 'create:veridium', 'create:cut_veridium_slab', 'create:small_veridium_brick_slab', 'create:small_veridium_brick_stairs', 'create:cut_veridium_brick_slab', 'create:polished_cut_veridium_slab', 'create:polished_cut_veridium_wall'}",,part-000
create:ochrum,0.08,"{'create:cut_ochrum_brick_stairs', 'create:small_ochrum_bricks', 'create:polished_cut_ochrum_slab', 'create:cut_ochrum_stairs', 'create:polished_cut_ochrum_wall', 'create:cut_ochrum_slab', 'create:cut_ochrum_brick_wall', 'create:polished_cut_ochrum', 'create:ochrum', 'create:ochrum_pillar', 'create:cut_ochrum', 'create:layered_ochrum', 'create:small_ochrum_brick_stairs', 'create:cut_ochrum_brick_slab', 'create:small_ochrum_brick_slab', 'create:polished_cut_ochrum_stairs', 'create:small_ochrum_brick_wall', 'create:cut_ochrum_bricks', 'create:cut_ochrum_wall'}",,part-000
create:crimsite,0.08,"{'create:cut_crimsite', 'create:cut_crimsite_bricks', 'create:cut_crimsite_brick_wall', 'create:polished_cut_crimsite_stairs', 'create:layered_crimsite', 'create:polished_cut_crimsite_slab', 'create:small_crimsite_brick_wall', 'create:cut_crimsite_wall', 'create:cut_crimsite_brick_slab', 'create:cut_crimsite_slab', 'create:crimsite', 'create:crimsite_pillar', 'create:cut_crimsite_brick_stairs', 'create:cut_crimsite_stairs', 'create:small_crimsite_brick_stairs', 'create:small_crimsite_bricks', 'create:small_crimsite_brick_slab', 'create:polished_cut_crimsite', 'create:polished_cut_crimsite_wall'}",,part-000
minecraft:tuff,0.08,"{'create:polished_cut_tuff_stairs', 'create:small_tuff_bricks', 'create:polished_cut_tuff', 'create:cut_tuff_brick_wall', 'create:small_tuff_brick_wall', 'create:cut_tuff_bricks', 'create:tuff_pillar', 'create:cut_tuff_wall', 'create:layered_tuff', 'create:polished_cut_tuff_wall', 'create:cut_tuff_stairs', 'create:small_tuff_brick_stairs', 'create:cut_tuff_slab', 'create:cut_tuff_brick_slab', 'create:small_tuff_brick_slab', 'minecraft:tuff', 'create:cut_tuff_brick_stairs', 'create:polished_cut_tuff_slab', 'create:cut_tuff'}",,part-000
create:asurine,0.08,"{'create:cut_asurine_wall', 'create:polished_cut_asurine_slab', 'create:cut_asurine_brick_stairs', 'create:small_asurine_brick_stairs', 'create:asurine', 'create:cut_asurine_brick_slab', 'create:cut_asurine_stairs', 'create:small_asurine_brick_wall', 'create:asurine_pillar', 'create:polished_cut_asurine', 'create:polished_cut_asurine_wall', 'create:small_asurine_brick_slab', 'create:cut_asurine', 'create:cut_asurine_bricks', 'create:layered_asurine', 'create:cut_asurine_slab', 'create:cut_asurine_brick_wall', 'create:polished_cut_asurine_stairs', 'create:small_asurine_bricks'}",,part-000
create:limestone,0.08,"{'create:polished_cut_limestone_stairs', 'create:cut_limestone', 'create:cut_limestone_slab', 'create:cut_limestone_brick_wall', 'create:small_limestone_brick_wall', 'create:cut_limestone_bricks', 'create:limestone', 'create:layered_limestone', 'create:small_limestone_brick_stairs', 'create:polished_cut_limestone', 'create:small_limestone_brick_slab', 'create:limestone_pillar', 'create:polished_cut_limestone_slab', 'create:cut_limestone_brick_stairs', 'create:cut_limestone_wall', 'create:polished_cut_limestone_wall', 'create:cut_limestone_stairs', 'create:small_limestone_bricks', 'create:cut_limestone_brick_slab'}",,part-975
minecraft:rotten_flesh,0.7,"{'crystal_chronicles:rotten_flesh_block', 'minecraft:rotten_flesh'}",,part-000
create:cut-calcite,0.08,"{'create:cut_calcite_bricks', 'create:cut_calcite_brick_stairs', 'create:polished_cut_calcite_stairs', 'create:polished_cut_calcite', 'create:cut_calcite_slab', 'create:small_calcite_brick_slab', 'create:small_calcite_bricks', 'create:small_calcite_brick_wall', 'create:small_calcite_brick_stairs', 'minecraft:calcite', 'create:cut_calcite_brick_wall', 'create:cut_calcite_stairs', 'create:cut_calcite', 'create:calcite_pillar', 'create:cut_calcite_brick_slab', 'create:cut_calcite_wall', 'create:layered_calcite', 'create:polished_cut_calcite_wall', 'create:polished_cut_calcite_slab'}",,part-000
supplementaries:flax,1,"{'supplementaries:flax_block', 'supplementaries:flax'}",,part-000
born_in_chaos_v1:pieceofdarkmetal,6,"{'born_in_chaos_v1:pileof_dark_metal', 'born_in_chaos_v1:pieceofdarkmetal'}",,part-000
minecraft:nether_wart,0.1,"{'minecraft:nether_wart', 'minecraft:nether_wart_block'}",,part-000
create:experience_nugget,12,"{'create:experience_nugget', 'create:experience_block'}",,part-976
born_in_chaos_v1:shattered_skull,10,"{'born_in_chaos_v1:shattered_skull', 'born_in_chaos_v1:pile_of_skulls'}",,part-000
minecraft:feather,0.8,"{'minecraft:feather', 'supplementaries:feather_block'}",,part-000
minecraft:wheat,0.4,"{'minecraft:hay_block', 'minecraft:wheat'}",,part-000
